INSERT INTO customers (id, data, deleted) VALUES
('c0000001-0000-0000-0000-000000000001', '{"name": "Maria Aparecida Santos", "cpf": "111.222.333-44", "email": "maria.santos@email.com", "phone": "(11) 99999-0001", "birthDate": "1985-03-15", "address": "Rua das Flores, 100 - São Paulo/SP"}', false),
('c0000002-0000-0000-0000-000000000002', '{"name": "José Carlos Oliveira", "cpf": "222.333.444-55", "email": "jose.oliveira@email.com", "phone": "(11) 99999-0002", "birthDate": "1978-07-22", "address": "Av. Paulista, 1500 - São Paulo/SP"}', false),
('c0000003-0000-0000-0000-000000000003', '{"name": "Fernanda Rodrigues Lima", "cpf": "333.444.555-66", "email": "fernanda.lima@email.com", "phone": "(21) 99999-0003", "birthDate": "1992-11-08", "address": "Rua Copacabana, 45 - Rio de Janeiro/RJ"}', false),
('c0000004-0000-0000-0000-000000000004', '{"name": "Ricardo Alves Barbosa", "cpf": "444.555.666-77", "email": "ricardo.barbosa@email.com", "phone": "(31) 99999-0004", "birthDate": "1969-01-30", "address": "Rua da Bahia, 800 - Belo Horizonte/MG"}', false),
('c0000005-0000-0000-0000-000000000005', '{"name": "Patrícia Nunes Costa", "cpf": "555.666.777-88", "email": "patricia.costa@email.com", "phone": "(41) 99999-0005", "birthDate": "2001-06-12", "address": "Rua XV de Novembro, 300 - Curitiba/PR"}', false),
('c0000006-0000-0000-0000-000000000006', '{"name": "Antônio Marcos Vieira", "cpf": "666.777.888-99", "email": "antonio.vieira@email.com", "phone": "(51) 99999-0006", "birthDate": "1955-09-25", "address": "Av. Borges de Medeiros, 1200 - Porto Alegre/RS"}', false),
('c0000007-0000-0000-0000-000000000007', '{"name": "Claudia Regina Souza", "cpf": "777.888.999-00", "email": "claudia.souza@email.com", "phone": "(71) 99999-0007", "birthDate": "1988-12-03", "address": "Rua Chile, 50 - Salvador/BA"}', false),
('c0000008-0000-0000-0000-000000000008', '{"name": "Eduardo Henrique Dias", "cpf": "888.999.000-11", "email": "eduardo.dias@email.com", "phone": "(81) 99999-0008", "birthDate": "1995-04-18", "address": "Av. Boa Viagem, 2000 - Recife/PE"}', false),
('c0000009-0000-0000-0000-000000000009', '{"name": "Luciana Ferreira Melo", "cpf": "999.000.111-22", "email": "luciana.melo@email.com", "phone": "(85) 99999-0009", "birthDate": "1973-08-07", "address": "Av. Beira Mar, 500 - Fortaleza/CE"}', false),
('c0000010-0000-0000-0000-000000000010', '{"name": "Marcos Paulo Araújo", "cpf": "000.111.222-33", "email": "marcos.araujo@email.com", "phone": "(62) 99999-0010", "birthDate": "1982-02-14", "address": "Rua 3, 150 - Goiânia/GO"}', false),
('c0000011-0000-0000-0000-000000000011', '{"name": "Renata Cristina Barros", "cpf": "111.333.555-77", "email": "renata.barros@email.com", "phone": "(92) 99999-0011", "birthDate": "1998-10-20", "address": "Av. Eduardo Ribeiro, 400 - Manaus/AM"}', false),
('c0000012-0000-0000-0000-000000000012', '{"name": "Thiago Nascimento Pinto", "cpf": "222.444.666-88", "email": "thiago.pinto@email.com", "phone": "(27) 99999-0012", "birthDate": "1965-05-01", "address": "Rua Sete de Setembro, 200 - Vitória/ES"}', false),
('c0000013-0000-0000-0000-000000000013', '{"name": "Vanessa Teixeira Ramos", "cpf": "333.555.777-99", "email": "vanessa.ramos@email.com", "phone": "(48) 99999-0013", "birthDate": "1990-07-16", "address": "Rua Felipe Schmidt, 350 - Florianópolis/SC"}', false),
('c0000014-0000-0000-0000-000000000014', '{"name": "Wellington Silva Moura", "cpf": "444.666.888-00", "email": "wellington.moura@email.com", "phone": "(65) 99999-0014", "birthDate": "1977-11-29", "address": "Av. CPA, 1000 - Cuiabá/MT"}', false),
('c0000015-0000-0000-0000-000000000015', '{"name": "Adriana Campos Lopes", "cpf": "555.777.999-11", "email": "adriana.lopes@email.com", "phone": "(96) 99999-0015", "birthDate": "2003-01-09", "address": "Rua Hamilton Silva, 80 - Macapá/AP"}', false);

INSERT INTO reports (id, status, customer_name, customer_id, blocks) VALUES
('d0000001-0000-0000-0000-000000000001', 'FINALIZADO', 'Maria Aparecida Santos', 'c0000001-0000-0000-0000-000000000001',
 '[{"id":"b0010000-0000-0000-0000-000000000001","type":"identification","order":0,"collapsed":false,"data":{"professional":{"name":"Dra. Ana Silva","crp":"06/12345","specialization":"Psicologia Clínica"},"customer":{"name":"Maria Aparecida Santos","cpf":"111.222.333-44","birthDate":"1985-03-15","age":"40 anos","education":"Ensino Superior Completo","profession":"Professora","motherName":"Helena Santos","fatherName":"Roberto Santos"},"date":"2025-12-15","location":"São Paulo - SP"}},{"id":"b0010001-0000-0000-0000-000000000001","type":"text","order":1,"collapsed":false,"data":{"title":"INTRODUÇÃO","subtitle":"","content":"Paciente do sexo feminino, 40 anos, encaminhada para avaliação psicológica por queixa de ansiedade generalizada com episódios de insônia há aproximadamente 8 meses. Relata piora dos sintomas após mudança de emprego.","labeledItems":[],"useLabeledItems":false}},{"id":"b0010002-0000-0000-0000-000000000001","type":"text","order":2,"collapsed":false,"data":{"title":"PROCEDIMENTOS REALIZADOS","subtitle":"","content":"Foram realizadas 4 sessões de avaliação, incluindo entrevista clínica semiestruturada, aplicação do Inventário de Ansiedade de Beck (BAI) e Inventário de Depressão de Beck (BDI-II). A paciente apresentou escore de 28 no BAI (ansiedade moderada) e 14 no BDI-II (depressão leve).","labeledItems":[],"useLabeledItems":false}},{"id":"b0010003-0000-0000-0000-000000000001","type":"text","order":3,"collapsed":false,"data":{"title":"CONCLUSÃO E RECOMENDAÇÕES","subtitle":"","content":"Recomenda-se acompanhamento psicoterapêutico semanal com abordagem cognitivo-comportamental por período mínimo de 12 semanas, com reavaliação ao final do período. Sugere-se também avaliação psiquiátrica para eventual manejo farmacológico da insônia.","labeledItems":[],"useLabeledItems":false}}]'),

('d0000002-0000-0000-0000-000000000002', 'FINALIZADO', 'José Carlos Oliveira', 'c0000002-0000-0000-0000-000000000002',
 '[{"id":"b0020000-0000-0000-0000-000000000001","type":"identification","order":0,"collapsed":false,"data":{"professional":{"name":"Dra. Ana Silva","crp":"06/12345","specialization":"Psicologia Clínica"},"customer":{"name":"José Carlos Oliveira","cpf":"222.333.444-55","birthDate":"1978-07-22","age":"47 anos","education":"Ensino Superior Completo","profession":"Engenheiro Civil","motherName":"Francisca Oliveira","fatherName":"Antônio Carlos Oliveira"},"date":"2025-12-15","location":"São Paulo - SP"}},{"id":"b0020001-0000-0000-0000-000000000001","type":"text","order":1,"collapsed":false,"data":{"title":"OBJETIVO DA AVALIAÇÃO","subtitle":"Laudo Neuropsicológico","content":"Avaliação neuropsicológica solicitada para investigação de queixas cognitivas relatadas pelo paciente, incluindo dificuldades de memória e concentração no ambiente de trabalho.","labeledItems":[],"useLabeledItems":false}},{"id":"b0020002-0000-0000-0000-000000000001","type":"text","order":2,"collapsed":false,"data":{"title":"RESULTADOS","subtitle":"","content":"A avaliação das funções executivas demonstra desempenho dentro da faixa esperada para idade e escolaridade. Memória operacional preservada. Atenção sustentada e alternada dentro dos parâmetros normativos. Fluência verbal fonêmica e semântica adequadas.","labeledItems":[],"useLabeledItems":false}},{"id":"b0020003-0000-0000-0000-000000000001","type":"text","order":3,"collapsed":false,"data":{"title":"CONCLUSÃO","subtitle":"","content":"Não foram identificados déficits cognitivos significativos. As queixas subjetivas podem estar relacionadas a fatores emocionais como estresse ocupacional. Recomenda-se manejo do estresse e reavaliação em 12 meses caso os sintomas persistam.","labeledItems":[],"useLabeledItems":false}}]'),

('d0000003-0000-0000-0000-000000000003', 'EM_REVISAO', 'Fernanda Rodrigues Lima', 'c0000003-0000-0000-0000-000000000003',
 '[{"id":"b0030000-0000-0000-0000-000000000001","type":"identification","order":0,"collapsed":false,"data":{"professional":{"name":"Dra. Ana Silva","crp":"06/12345","specialization":"Psicologia Clínica"},"customer":{"name":"Fernanda Rodrigues Lima","cpf":"333.444.555-66","birthDate":"1992-11-08","age":"33 anos","education":"Ensino Superior Completo","profession":"Designer Gráfica","motherName":"Regina Lima","fatherName":"Carlos Rodrigues Lima"},"date":"2025-12-15","location":"São Paulo - SP"}},{"id":"b0030001-0000-0000-0000-000000000001","type":"text","order":1,"collapsed":false,"data":{"title":"EVOLUÇÃO TERAPÊUTICA","subtitle":"Relatório de Acompanhamento","content":"Paciente em processo psicoterapêutico há 6 meses, com frequência semanal. Diagnóstico inicial de episódio depressivo moderado (F32.1). Abordagem utilizada: Terapia Cognitivo-Comportamental.","labeledItems":[],"useLabeledItems":false}},{"id":"b0030002-0000-0000-0000-000000000001","type":"text","order":2,"collapsed":false,"data":{"title":"PROGRESSO OBSERVADO","subtitle":"","content":"Evolução positiva nos sintomas de depressão, com redução significativa nos episódios de humor rebaixado. Paciente relata melhora na qualidade do sono, retomada de atividades sociais e maior disposição para atividades laborais. Escore no BDI-II reduziu de 24 (moderado) para 11 (leve).","labeledItems":[],"useLabeledItems":false}},{"id":"b0030003-0000-0000-0000-000000000001","type":"text","order":3,"collapsed":false,"data":{"title":"PLANO TERAPÊUTICO","subtitle":"","content":"Manter frequência quinzenal nas próximas sessões, com foco na prevenção de recaída e fortalecimento de estratégias de enfrentamento. Previsão de alta terapêutica em aproximadamente 3 meses.","labeledItems":[],"useLabeledItems":false}}]'),

('d0000004-0000-0000-0000-000000000004', 'RASCUNHO', 'Ricardo Alves Barbosa', 'c0000004-0000-0000-0000-000000000004',
 '[{"id":"b0040000-0000-0000-0000-000000000001","type":"identification","order":0,"collapsed":false,"data":{"professional":{"name":"Dra. Ana Silva","crp":"06/12345","specialization":"Psicologia Clínica"},"customer":{"name":"Ricardo Alves Barbosa","cpf":"444.555.666-77","birthDate":"1969-01-30","age":"56 anos","education":"Ensino Médio Completo","profession":"Comerciante","motherName":"Maria José Barbosa","fatherName":"Joaquim Alves Barbosa"},"date":"2025-12-15","location":"São Paulo - SP"}},{"id":"b0040001-0000-0000-0000-000000000001","type":"text","order":1,"collapsed":false,"data":{"title":"MOTIVO DA AVALIAÇÃO","subtitle":"Avaliação Pré-Cirúrgica Bariátrica","content":"Paciente encaminhado para avaliação psicológica pré-cirúrgica conforme protocolo obrigatório para cirurgia bariátrica. IMC atual de 42,3 kg/m².","labeledItems":[],"useLabeledItems":false}},{"id":"b0040002-0000-0000-0000-000000000001","type":"text","order":2,"collapsed":false,"data":{"title":"AVALIAÇÃO PSICOLÓGICA","subtitle":"","content":"Paciente apresenta motivação adequada e compreensão dos riscos envolvidos no procedimento. Histórico de tentativas anteriores de emagrecimento sem sucesso duradouro. Nega transtornos alimentares (compulsão, bulimia). Rede de apoio familiar presente e engajada no processo.","labeledItems":[],"useLabeledItems":false}},{"id":"b0040003-0000-0000-0000-000000000001","type":"text","order":3,"collapsed":false,"data":{"title":"PARECER","subtitle":"","content":"Perfil psicológico compatível com o procedimento solicitado. Paciente apto do ponto de vista psicológico para a realização da cirurgia bariátrica, desde que mantenha acompanhamento psicológico no pós-operatório.","labeledItems":[],"useLabeledItems":false}}]'),

('d0000005-0000-0000-0000-000000000005', 'FINALIZADO', 'Patrícia Nunes Costa', 'c0000005-0000-0000-0000-000000000005',
 '[{"id":"b0050000-0000-0000-0000-000000000001","type":"identification","order":0,"collapsed":false,"data":{"professional":{"name":"Dra. Ana Silva","crp":"06/12345","specialization":"Psicologia Clínica"},"customer":{"name":"Patrícia Nunes Costa","cpf":"555.666.777-88","birthDate":"2001-06-12","age":"24 anos","education":"Ensino Médio Completo","profession":"Estudante","motherName":"Sandra Nunes Costa","fatherName":"Paulo Costa"},"date":"2025-12-15","location":"São Paulo - SP"}},{"id":"b0050001-0000-0000-0000-000000000001","type":"text","order":1,"collapsed":false,"data":{"title":"OBJETIVO","subtitle":"Orientação Vocacional","content":"Processo de orientação vocacional realizado em 8 sessões, com objetivo de auxiliar na escolha profissional da paciente, 24 anos, que apresentava indecisão quanto à área de atuação após conclusão do ensino médio.","labeledItems":[],"useLabeledItems":false}},{"id":"b0050002-0000-0000-0000-000000000001","type":"text","order":2,"collapsed":false,"data":{"title":"INSTRUMENTOS APLICADOS","subtitle":"","content":"Foram aplicados os seguintes instrumentos: Teste de Interesse Profissional (AIP), Questionário de Busca Autodirigida (SDS), Escala de Maturidade para Escolha Profissional (EMEP) e técnicas de colagem e linha da vida. Perfil indica forte inclinação para áreas de saúde e ciências biológicas.","labeledItems":[],"useLabeledItems":false}},{"id":"b0050003-0000-0000-0000-000000000001","type":"text","order":3,"collapsed":false,"data":{"title":"SUGESTÕES","subtitle":"","content":"Com base nos resultados obtidos e nas reflexões realizadas durante o processo, sugere-se a exploração dos cursos de Biomedicina, Enfermagem ou Fisioterapia. Recomenda-se visitas a universidades e conversas com profissionais dessas áreas.","labeledItems":[],"useLabeledItems":false}}]'),

('d0000006-0000-0000-0000-000000000006', 'FINALIZADO', 'Antônio Marcos Vieira', 'c0000006-0000-0000-0000-000000000006',
 '[{"id":"b0060000-0000-0000-0000-000000000001","type":"identification","order":0,"collapsed":false,"data":{"professional":{"name":"Dra. Ana Silva","crp":"06/12345","specialization":"Psicologia Clínica"},"customer":{"name":"Antônio Marcos Vieira","cpf":"666.777.888-99","birthDate":"1955-09-25","age":"70 anos","education":"Ensino Superior Completo","profession":"Engenheiro Mecânico Aposentado","motherName":"Conceição Vieira","fatherName":"José Marcos Vieira"},"date":"2025-12-15","location":"São Paulo - SP"}},{"id":"b0060001-0000-0000-0000-000000000001","type":"text","order":1,"collapsed":false,"data":{"title":"CONTEXTO","subtitle":"Parecer Psicológico - Aposentadoria","content":"Paciente do sexo masculino, 70 anos, em processo de adaptação à aposentadoria há 6 meses. Encaminhado pela esposa devido a alterações comportamentais observadas desde a cessação das atividades laborais.","labeledItems":[],"useLabeledItems":false}},{"id":"b0060002-0000-0000-0000-000000000001","type":"text","order":2,"collapsed":false,"data":{"title":"ANÁLISE CLÍNICA","subtitle":"","content":"Identificados sinais de perda de identidade profissional e isolamento social progressivo. Paciente relata sentimento de inutilidade, dificuldade em estabelecer rotina e redução significativa das interações sociais. Apresenta humor rebaixado, porém sem critérios para episódio depressivo maior.","labeledItems":[],"useLabeledItems":false}},{"id":"b0060003-0000-0000-0000-000000000001","type":"text","order":3,"collapsed":false,"data":{"title":"ENCAMINHAMENTOS","subtitle":"","content":"Encaminhado para grupo terapêutico de transição de carreira e atividades de socialização. Recomenda-se manutenção do acompanhamento individual quinzenal e incentivo à participação em atividades comunitárias e voluntariado.","labeledItems":[],"useLabeledItems":false}}]'),

('d0000007-0000-0000-0000-000000000007', 'EM_REVISAO', 'Claudia Regina Souza', 'c0000007-0000-0000-0000-000000000007',
 '[{"id":"b0070000-0000-0000-0000-000000000001","type":"identification","order":0,"collapsed":false,"data":{"professional":{"name":"Dra. Ana Silva","crp":"06/12345","specialization":"Psicologia Clínica"},"customer":{"name":"Claudia Regina Souza","cpf":"777.888.999-00","birthDate":"1988-12-03","age":"37 anos","education":"Ensino Superior Completo","profession":"Analista de Sistemas","motherName":"Tereza Souza","fatherName":"Marcos Regina Souza"},"date":"2025-12-15","location":"São Paulo - SP"}},{"id":"b0070001-0000-0000-0000-000000000001","type":"text","order":1,"collapsed":false,"data":{"title":"DEMANDA","subtitle":"Avaliação de Estresse Ocupacional","content":"Paciente de 37 anos, analista de sistemas, encaminhada pelo médico do trabalho para avaliação de estresse ocupacional. Relata sintomas há 14 meses com piora progressiva.","labeledItems":[],"useLabeledItems":false}},{"id":"b0070002-0000-0000-0000-000000000001","type":"text","order":2,"collapsed":false,"data":{"title":"RESULTADOS DA AVALIAÇÃO","subtitle":"","content":"Inventário de Burnout de Maslach (MBI) indica nível severo de esgotamento emocional (escore 38/54), despersonalização moderada (escore 14/30) e baixa realização pessoal (escore 18/48). Paciente relata carga horária de 60+ horas semanais, falta de reconhecimento e conflitos com gestão direta.","labeledItems":[],"useLabeledItems":false}},{"id":"b0070003-0000-0000-0000-000000000001","type":"text","order":3,"collapsed":false,"data":{"title":"RECOMENDAÇÕES","subtitle":"","content":"Recomendação de afastamento temporário do trabalho por período mínimo de 30 dias e início de psicoterapia intensiva (2x por semana). Sugere-se avaliação psiquiátrica para manejo farmacológico dos sintomas de ansiedade e insônia associados.","labeledItems":[],"useLabeledItems":false}}]'),

('d0000008-0000-0000-0000-000000000008', 'RASCUNHO', 'Eduardo Henrique Dias', 'c0000008-0000-0000-0000-000000000008',
 '[{"id":"b0080000-0000-0000-0000-000000000001","type":"identification","order":0,"collapsed":false,"data":{"professional":{"name":"Dra. Ana Silva","crp":"06/12345","specialization":"Psicologia Clínica"},"customer":{"name":"Eduardo Henrique Dias","cpf":"888.999.000-11","birthDate":"1995-04-18","age":"30 anos","education":"Ensino Superior Completo","profession":"Professor de Educação Física","motherName":"Lúcia Dias","fatherName":"Henrique Eduardo Dias"},"date":"2025-12-15","location":"São Paulo - SP"}},{"id":"b0080001-0000-0000-0000-000000000001","type":"text","order":1,"collapsed":false,"data":{"title":"IDENTIFICAÇÃO DA DEMANDA","subtitle":"Avaliação Infantil","content":"Criança do sexo masculino, 8 anos, cursando o 3º ano do ensino fundamental. Encaminhada pela escola por dificuldades de atenção, inquietude motora e baixo rendimento acadêmico.","labeledItems":[],"useLabeledItems":false}},{"id":"b0080002-0000-0000-0000-000000000001","type":"text","order":2,"collapsed":false,"data":{"title":"INSTRUMENTOS E PROCEDIMENTOS","subtitle":"","content":"Aplicados: Escala Wechsler de Inteligência para Crianças (WISC-V), Teste de Atenção por Cancelamento (TAC), Escala SNAP-IV (respondida por pais e professora), Teste das Fábulas de Düss e observação lúdica. QI Total: 108 (médio). Índice de Memória Operacional: 89 (médio inferior). Velocidade de processamento: 92 (médio).","labeledItems":[],"useLabeledItems":false}},{"id":"b0080003-0000-0000-0000-000000000001","type":"text","order":3,"collapsed":false,"data":{"title":"HIPÓTESE DIAGNÓSTICA","subtitle":"","content":"Hipótese diagnóstica de TDAH tipo predominantemente desatento (F90.0). Sugerida avaliação neuropediátrica complementar para confirmação diagnóstica e eventual intervenção medicamentosa. Recomenda-se também psicopedagogia e orientação à escola.","labeledItems":[],"useLabeledItems":false}}]'),

('d0000009-0000-0000-0000-000000000009', 'FINALIZADO', 'Luciana Ferreira Melo', 'c0000009-0000-0000-0000-000000000009',
 '[{"id":"b0090000-0000-0000-0000-000000000001","type":"identification","order":0,"collapsed":false,"data":{"professional":{"name":"Dra. Ana Silva","crp":"06/12345","specialization":"Psicologia Clínica"},"customer":{"name":"Luciana Ferreira Melo","cpf":"999.000.111-22","birthDate":"1973-08-07","age":"52 anos","education":"Ensino Superior Completo","profession":"Advogada","motherName":"Aparecida Melo","fatherName":"Jorge Ferreira Melo"},"date":"2025-12-15","location":"São Paulo - SP"}},{"id":"b0090001-0000-0000-0000-000000000001","type":"text","order":1,"collapsed":false,"data":{"title":"DADOS DO PROCESSO","subtitle":"Laudo Pericial - Vara de Família","content":"Avaliação pericial solicitada pelo juízo da 3ª Vara de Família da Comarca de Fortaleza, nos autos do processo nº 0000123-45.2025.8.06.0001. Realizadas entrevistas individuais com ambos os genitores e sessões de observação da interação parental com a criança.","labeledItems":[],"useLabeledItems":false}},{"id":"b0090002-0000-0000-0000-000000000001","type":"text","order":2,"collapsed":false,"data":{"title":"ANÁLISE PERICIAL","subtitle":"","content":"Ambos os genitores demonstram vínculo afetivo adequado com a criança e capacidade parental preservada. Não foram identificados indicadores de negligência, abuso ou alienação parental. A criança apresenta desenvolvimento socioemocional compatível com a idade e manifesta desejo de convivência com ambos os pais.","labeledItems":[],"useLabeledItems":false}},{"id":"b0090003-0000-0000-0000-000000000001","type":"text","order":3,"collapsed":false,"data":{"title":"PARECER TÉCNICO","subtitle":"","content":"Com base na avaliação realizada, este parecer técnico indica que a guarda compartilhada com residência alternada atende ao melhor interesse da criança, desde que os genitores mantenham comunicação respeitosa e colaborativa nas decisões relativas à educação e saúde do menor.","labeledItems":[],"useLabeledItems":false}}]'),

('d0000010-0000-0000-0000-000000000010', 'FINALIZADO', 'Marcos Paulo Araújo', 'c0000010-0000-0000-0000-000000000010',
 '[{"id":"b0100000-0000-0000-0000-000000000001","type":"identification","order":0,"collapsed":false,"data":{"professional":{"name":"Dra. Ana Silva","crp":"06/12345","specialization":"Psicologia Clínica"},"customer":{"name":"Marcos Paulo Araújo","cpf":"000.111.222-33","birthDate":"1982-02-14","age":"43 anos","education":"Ensino Técnico Completo","profession":"Eletricista","motherName":"Vera Lúcia Araújo","fatherName":"Paulo Marcos Araújo"},"date":"2025-12-15","location":"São Paulo - SP"}},{"id":"b0100001-0000-0000-0000-000000000001","type":"text","order":1,"collapsed":false,"data":{"title":"CONTEXTO INSTITUCIONAL","subtitle":"Avaliação Psicossocial","content":"Avaliação realizada no contexto de admissão em programa de assistência social do CRAS Regional Leste. Paciente do sexo masculino, 43 anos, desempregado há 8 meses, com família composta por esposa e 3 filhos menores.","labeledItems":[],"useLabeledItems":false}},{"id":"b0100002-0000-0000-0000-000000000001","type":"text","order":2,"collapsed":false,"data":{"title":"AVALIAÇÃO","subtitle":"","content":"Paciente apresenta vulnerabilidade socioeconômica significativa e rede de apoio fragilizada. Relata sintomas de ansiedade e insônia relacionados à situação financeira. Possui formação técnica em eletricidade, mas encontra dificuldades de reinserção no mercado formal. Vínculo familiar preservado, com relação conjugal estável.","labeledItems":[],"useLabeledItems":false}},{"id":"b0100003-0000-0000-0000-000000000001","type":"text","order":3,"collapsed":false,"data":{"title":"INDICAÇÕES","subtitle":"","content":"Indicado acompanhamento psicossocial continuado com frequência quinzenal. Inserção em programa de geração de renda e capacitação profissional. Encaminhamento dos filhos para atividades socioeducativas no contraturno escolar. Monitoramento da saúde mental do paciente com possível encaminhamento para CAPS caso necessário.","labeledItems":[],"useLabeledItems":false}}]'),

('d0000011-0000-0000-0000-000000000011', 'RASCUNHO', 'Renata Cristina Barros', 'c0000011-0000-0000-0000-000000000011',
 '[{"id":"b0110000-0000-0000-0000-000000000001","type":"identification","order":0,"collapsed":false,"data":{"professional":{"name":"Dra. Ana Silva","crp":"06/12345","specialization":"Psicologia Clínica"},"customer":{"name":"Renata Cristina Barros","cpf":"111.333.555-77","birthDate":"1998-10-20","age":"27 anos","education":"Ensino Superior Incompleto","profession":"Estudante de Nutrição","motherName":"Cláudia Barros","fatherName":"Ricardo Cristina Barros"},"date":"2025-12-15","location":"São Paulo - SP"}},{"id":"b0110001-0000-0000-0000-000000000001","type":"text","order":1,"collapsed":false,"data":{"title":"QUEIXA PRINCIPAL","subtitle":"Avaliação de Transtorno Alimentar","content":"Paciente do sexo feminino, 27 anos, procurou atendimento por comportamentos restritivos alimentares e insatisfação com a imagem corporal. Relata perda de 15kg nos últimos 6 meses através de restrição calórica severa.","labeledItems":[],"useLabeledItems":false}},{"id":"b0110002-0000-0000-0000-000000000001","type":"text","order":2,"collapsed":false,"data":{"title":"AVALIAÇÃO CLÍNICA","subtitle":"","content":"Pontuação elevada no EAT-26 (escore 31, ponto de corte 21). Distorção significativa da imagem corporal identificada através da Escala de Silhuetas de Stunkard. Paciente com IMC atual de 18,2 (abaixo do peso). Relata contagem obsessiva de calorias, evitação de refeições sociais e exercício físico compulsivo.","labeledItems":[],"useLabeledItems":false}},{"id":"b0110003-0000-0000-0000-000000000001","type":"text","order":3,"collapsed":false,"data":{"title":"ENCAMINHAMENTOS","subtitle":"","content":"Encaminhamento para equipe multidisciplinar composta por nutricionista especializada em transtornos alimentares e psiquiatra. Início de psicoterapia com foco em reestruturação cognitiva da imagem corporal e normalização dos padrões alimentares.","labeledItems":[],"useLabeledItems":false}}]'),

('d0000012-0000-0000-0000-000000000012', 'EM_REVISAO', 'Thiago Nascimento Pinto', 'c0000012-0000-0000-0000-000000000012',
 '[{"id":"b0120000-0000-0000-0000-000000000001","type":"identification","order":0,"collapsed":false,"data":{"professional":{"name":"Dra. Ana Silva","crp":"06/12345","specialization":"Psicologia Clínica"},"customer":{"name":"Thiago Nascimento Pinto","cpf":"222.444.666-88","birthDate":"1965-05-01","age":"60 anos","education":"Ensino Médio Completo","profession":"Motorista Aposentado","motherName":"Josefa Pinto","fatherName":"Sebastião Nascimento Pinto"},"date":"2025-12-15","location":"São Paulo - SP"}},{"id":"b0120001-0000-0000-0000-000000000001","type":"text","order":1,"collapsed":false,"data":{"title":"HISTÓRICO","subtitle":"Relatório de Acompanhamento - Dependência Química","content":"Paciente do sexo masculino, 60 anos, em tratamento ambulatorial para uso problemático de álcool desde janeiro de 2025. Histórico de consumo abusivo por 25 anos com duas internações anteriores. Iniciou programa de tratamento integrado em setembro de 2024.","labeledItems":[],"useLabeledItems":false}},{"id":"b0120002-0000-0000-0000-000000000001","type":"text","order":2,"collapsed":false,"data":{"title":"EVOLUÇÃO DO TRATAMENTO","subtitle":"","content":"Paciente completou 90 dias de abstinência contínua com suporte do grupo terapêutico semanal. Participação ativa nas sessões individuais e em grupo. Restabelecimento progressivo dos vínculos familiares. Retomou atividades laborais em regime parcial. AUDIT atual: 4 pontos (zona I - uso de baixo risco), comparado a 28 pontos no início do tratamento.","labeledItems":[],"useLabeledItems":false}},{"id":"b0120003-0000-0000-0000-000000000001","type":"text","order":3,"collapsed":false,"data":{"title":"PLANO DE CONTINUIDADE","subtitle":"","content":"Manter acompanhamento psicoterapêutico individual semanal e participação no grupo de prevenção de recaída. Próxima avaliação clínica em 30 dias. Objetivo de longo prazo: manutenção da abstinência e consolidação da rede de suporte social.","labeledItems":[],"useLabeledItems":false}}]'),

('d0000013-0000-0000-0000-000000000013', 'FINALIZADO', 'Vanessa Teixeira Ramos', 'c0000013-0000-0000-0000-000000000013',
 '[{"id":"b0130000-0000-0000-0000-000000000001","type":"identification","order":0,"collapsed":false,"data":{"professional":{"name":"Dra. Ana Silva","crp":"06/12345","specialization":"Psicologia Clínica"},"customer":{"name":"Vanessa Teixeira Ramos","cpf":"333.555.777-99","birthDate":"1990-07-16","age":"35 anos","education":"Ensino Superior Completo","profession":"Assistente Social","motherName":"Marlene Ramos","fatherName":"Valdir Teixeira Ramos"},"date":"2025-12-15","location":"São Paulo - SP"}},{"id":"b0130001-0000-0000-0000-000000000001","type":"text","order":1,"collapsed":false,"data":{"title":"OBJETIVO DA AVALIAÇÃO","subtitle":"Parecer Psicológico para Habilitação à Adoção","content":"Avaliação psicológica do casal Vanessa Teixeira Ramos e Rafael Ramos Silva para fins de habilitação à adoção, conforme determinação do juízo da Vara da Infância e Juventude da Comarca de Florianópolis.","labeledItems":[],"useLabeledItems":false}},{"id":"b0130002-0000-0000-0000-000000000001","type":"text","order":2,"collapsed":false,"data":{"title":"AVALIAÇÃO DO CASAL","subtitle":"","content":"O casal demonstra estabilidade emocional, relacionamento conjugal saudável e motivação genuína para a parentalidade adotiva. Ambos apresentam compreensão adequada do processo adaptativo, das possíveis dificuldades e da importância do respeito à história pregressa da criança. Possuem rede de apoio familiar ampla e condições socioeconômicas adequadas.","labeledItems":[],"useLabeledItems":false}},{"id":"b0130003-0000-0000-0000-000000000001","type":"text","order":3,"collapsed":false,"data":{"title":"PARECER","subtitle":"","content":"Parecer FAVORÁVEL à habilitação do casal para adoção. Recomenda-se a participação no grupo de preparação para adotantes oferecido pela Vara da Infância e Juventude, bem como acompanhamento psicológico pós-adoção durante o período de adaptação.","labeledItems":[],"useLabeledItems":false}}]'),

('d0000014-0000-0000-0000-000000000014', 'RASCUNHO', 'Wellington Silva Moura', 'c0000014-0000-0000-0000-000000000014',
 '[{"id":"b0140000-0000-0000-0000-000000000001","type":"identification","order":0,"collapsed":false,"data":{"professional":{"name":"Dra. Ana Silva","crp":"06/12345","specialization":"Psicologia Clínica"},"customer":{"name":"Wellington Silva Moura","cpf":"444.666.888-00","birthDate":"1977-11-29","age":"48 anos","education":"Ensino Superior Completo","profession":"Policial Civil Aposentado","motherName":"Ivone Moura","fatherName":"José Silva Moura"},"date":"2025-12-15","location":"São Paulo - SP"}},{"id":"b0140001-0000-0000-0000-000000000001","type":"text","order":1,"collapsed":false,"data":{"title":"DADOS DA AVALIAÇÃO","subtitle":"Avaliação Psicológica para Porte de Arma de Fogo","content":"Avaliação psicológica realizada conforme Instrução Normativa nº 78/2014 da Polícia Federal e Resolução CFP nº 018/2008. Paciente do sexo masculino, 48 anos, policial civil aposentado, solicitando renovação do porte de arma de fogo.","labeledItems":[],"useLabeledItems":false}},{"id":"b0140002-0000-0000-0000-000000000001","type":"text","order":2,"collapsed":false,"data":{"title":"TESTES APLICADOS","subtitle":"","content":"Bateria de testes composta por: Palográfico (personalidade), Teste de Atenção Concentrada (AC), Teste de Memória Visual de Rostos (MVR) e Teste Não Verbal de Inteligência (R1). Todos os resultados encontram-se dentro dos parâmetros esperados para a função. Não foram identificados indicadores de agressividade descontrolada, impulsividade patológica ou comprometimento cognitivo.","labeledItems":[],"useLabeledItems":false}},{"id":"b0140003-0000-0000-0000-000000000001","type":"text","order":3,"collapsed":false,"data":{"title":"RESULTADO","subtitle":"","content":"Resultado: APTO para manuseio de arma de fogo. O avaliado apresenta condições psicológicas adequadas, com controle emocional preservado, capacidade atencional e mnemônica dentro da normalidade, e traços de personalidade compatíveis com a responsabilidade do porte de arma.","labeledItems":[],"useLabeledItems":false}}]'),

('d0000015-0000-0000-0000-000000000015', 'FINALIZADO', 'Adriana Campos Lopes', 'c0000015-0000-0000-0000-000000000015',
 '[{"id":"b0150000-0000-0000-0000-000000000001","type":"identification","order":0,"collapsed":false,"data":{"professional":{"name":"Dra. Ana Silva","crp":"06/12345","specialization":"Psicologia Clínica"},"customer":{"name":"Adriana Campos Lopes","cpf":"555.777.999-11","birthDate":"2003-01-09","age":"22 anos","education":"Ensino Superior Incompleto","profession":"Estudante de Psicologia","motherName":"Beatriz Lopes","fatherName":"Fernando Campos Lopes"},"date":"2025-12-15","location":"São Paulo - SP"}},{"id":"b0150001-0000-0000-0000-000000000001","type":"text","order":1,"collapsed":false,"data":{"title":"HISTÓRICO DO ATENDIMENTO","subtitle":"Relatório de Alta Terapêutica","content":"Paciente do sexo feminino, 22 anos, iniciou processo psicoterapêutico em setembro de 2024 com queixa principal de ansiedade social severa que impactava significativamente sua vida acadêmica e social. Frequência inicial semanal, totalizando 72 sessões ao longo de 18 meses.","labeledItems":[],"useLabeledItems":false}},{"id":"b0150002-0000-0000-0000-000000000001","type":"text","order":2,"collapsed":false,"data":{"title":"EVOLUÇÃO E RESULTADOS","subtitle":"","content":"Objetivos terapêuticos alcançados com remissão completa dos sintomas de ansiedade social. Paciente conseguiu retomar apresentações acadêmicas, participar de eventos sociais e iniciar estágio profissional. Escore na Escala de Ansiedade Social de Liebowitz reduziu de 82 (ansiedade social severa) para 24 (ansiedade social não significativa). Manutenção dos ganhos terapêuticos por período superior a 3 meses.","labeledItems":[],"useLabeledItems":false}},{"id":"b0150003-0000-0000-0000-000000000001","type":"text","order":3,"collapsed":false,"data":{"title":"ALTA","subtitle":"","content":"Alta terapêutica consensual, acordada entre terapeuta e paciente, com base na estabilidade dos resultados obtidos. Orientação para retorno caso haja recorrência dos sintomas ou surgimento de novas demandas. Portas abertas para retomada do processo a qualquer momento.","labeledItems":[],"useLabeledItems":false}}]');

INSERT INTO forms (id, title, description, fields) VALUES
('e0000001-0000-0000-0000-000000000001',
 'Anamnese Psicológica Adulto',
 'Formulário completo de anamnese para pacientes adultos',
 '[
   {"id": "queixa_principal", "type": "textarea", "label": "Qual a queixa principal?", "required": true},
   {"id": "historico_sintomas", "type": "textarea", "label": "Há quanto tempo apresenta esses sintomas?", "required": true},
   {"id": "tratamentos_anteriores", "type": "radio", "label": "Já realizou tratamento psicológico anteriormente?", "options": ["Sim", "Não"], "required": true},
   {"id": "medicacao", "type": "text", "label": "Faz uso de alguma medicação? Qual?", "required": false},
   {"id": "historico_familiar", "type": "textarea", "label": "Existe histórico de transtornos mentais na família?", "required": true},
   {"id": "qualidade_sono", "type": "select", "label": "Como avalia a qualidade do seu sono?", "options": ["Ótimo", "Bom", "Regular", "Ruim", "Péssimo"], "required": true}
 ]'),

('e0000002-0000-0000-0000-000000000002',
 'Avaliação de Ansiedade (BAI Adaptado)',
 'Escala de avaliação de sintomas de ansiedade nas últimas 4 semanas',
 '[
   {"id": "nervosismo", "type": "select", "label": "Nervosismo ou inquietação", "options": ["Nunca", "Levemente", "Moderadamente", "Severamente"], "required": true},
   {"id": "tremores", "type": "select", "label": "Tremores nas mãos ou no corpo", "options": ["Nunca", "Levemente", "Moderadamente", "Severamente"], "required": true},
   {"id": "medo_perder_controle", "type": "select", "label": "Medo de perder o controle", "options": ["Nunca", "Levemente", "Moderadamente", "Severamente"], "required": true},
   {"id": "dificuldade_respirar", "type": "select", "label": "Dificuldade de respirar", "options": ["Nunca", "Levemente", "Moderadamente", "Severamente"], "required": true},
   {"id": "taquicardia", "type": "select", "label": "Coração acelerado ou palpitações", "options": ["Nunca", "Levemente", "Moderadamente", "Severamente"], "required": true},
   {"id": "tontura", "type": "select", "label": "Tontura ou sensação de desmaio", "options": ["Nunca", "Levemente", "Moderadamente", "Severamente"], "required": true},
   {"id": "suor_excessivo", "type": "select", "label": "Suor excessivo (não causado por calor)", "options": ["Nunca", "Levemente", "Moderadamente", "Severamente"], "required": true}
 ]'),

('e0000003-0000-0000-0000-000000000003',
 'Inventário de Depressão (BDI Adaptado)',
 'Escala para rastreamento de sintomas depressivos',
 '[
   {"id": "tristeza", "type": "select", "label": "Sentimento de tristeza", "options": ["Não me sinto triste", "Sinto-me triste boa parte do tempo", "Estou triste o tempo todo", "Estou tão triste que não consigo suportar"], "required": true},
   {"id": "pessimismo", "type": "select", "label": "Pessimismo em relação ao futuro", "options": ["Não estou pessimista", "Sou mais pessimista que de costume", "Não espero que as coisas melhorem", "Sinto que o futuro é sem esperança"], "required": true},
   {"id": "fracasso", "type": "select", "label": "Sentimento de fracasso", "options": ["Não me sinto fracassado", "Fracassei mais do que deveria", "Vejo muitos fracassos", "Me sinto um completo fracasso"], "required": true},
   {"id": "perda_prazer", "type": "select", "label": "Perda de prazer nas atividades", "options": ["Tenho prazer nas coisas", "Não sinto tanto prazer como antes", "Tenho pouco prazer", "Não tenho prazer em nada"], "required": true},
   {"id": "culpa", "type": "select", "label": "Sentimento de culpa", "options": ["Não me sinto culpado", "Sinto culpa por muitas coisas", "Me sinto culpado a maior parte do tempo", "Me sinto culpado o tempo todo"], "required": true}
 ]'),

('e0000004-0000-0000-0000-000000000004',
 'Anamnese Infantil',
 'Formulário de anamnese para crianças e adolescentes (preenchido pelo responsável)',
 '[
   {"id": "motivo_encaminhamento", "type": "textarea", "label": "Qual o motivo do encaminhamento?", "required": true},
   {"id": "desenvolvimento_motor", "type": "textarea", "label": "Como foi o desenvolvimento motor (engatinhar, andar, etc.)?", "required": true},
   {"id": "desenvolvimento_fala", "type": "textarea", "label": "Como foi o desenvolvimento da fala?", "required": true},
   {"id": "relacionamento_escola", "type": "select", "label": "Como é o relacionamento da criança na escola?", "options": ["Muito bom", "Bom", "Regular", "Difícil", "Muito difícil"], "required": true},
   {"id": "sono_crianca", "type": "radio", "label": "A criança tem dificuldades para dormir?", "options": ["Sim", "Não", "Às vezes"], "required": true},
   {"id": "alimentacao", "type": "select", "label": "Como é a alimentação da criança?", "options": ["Come bem e variado", "Come bem mas seletivo", "Come pouco", "Muito seletivo", "Recusa alimentação frequentemente"], "required": true},
   {"id": "eventos_traumaticos", "type": "textarea", "label": "Houve algum evento traumático na vida da criança?", "required": false}
 ]'),

('e0000005-0000-0000-0000-000000000005',
 'Avaliação de Estresse Ocupacional',
 'Questionário para identificação de fatores de estresse no trabalho',
 '[
   {"id": "carga_horaria", "type": "text", "label": "Qual sua carga horária semanal de trabalho?", "required": true},
   {"id": "satisfacao_trabalho", "type": "select", "label": "Qual seu nível de satisfação com o trabalho?", "options": ["Muito satisfeito", "Satisfeito", "Neutro", "Insatisfeito", "Muito insatisfeito"], "required": true},
   {"id": "relacao_chefia", "type": "select", "label": "Como é sua relação com a chefia?", "options": ["Excelente", "Boa", "Regular", "Ruim", "Muito ruim"], "required": true},
   {"id": "sintomas_fisicos", "type": "checkbox", "label": "Quais sintomas físicos você apresenta?", "options": ["Dores de cabeça", "Dores musculares", "Problemas gástricos", "Insônia", "Fadiga constante", "Nenhum"], "required": true},
   {"id": "pensou_sair", "type": "radio", "label": "Já pensou em pedir demissão nos últimos 6 meses?", "options": ["Sim", "Não"], "required": true},
   {"id": "atividades_lazer", "type": "radio", "label": "Consegue manter atividades de lazer regularmente?", "options": ["Sim", "Não", "Raramente"], "required": true}
 ]'),

('e0000006-0000-0000-0000-000000000006',
 'Triagem de Transtorno Alimentar',
 'Questionário de triagem para identificação de comportamentos alimentares disfuncionais',
 '[
   {"id": "preocupacao_peso", "type": "select", "label": "Com que frequência se preocupa com seu peso?", "options": ["Nunca", "Raramente", "Às vezes", "Frequentemente", "Sempre"], "required": true},
   {"id": "restricao_alimentar", "type": "radio", "label": "Você restringe a quantidade de comida intencionalmente?", "options": ["Sim", "Não", "Às vezes"], "required": true},
   {"id": "episodios_compulsao", "type": "radio", "label": "Tem episódios de comer compulsivamente?", "options": ["Sim", "Não", "Às vezes"], "required": true},
   {"id": "metodos_compensatorios", "type": "checkbox", "label": "Utiliza algum método compensatório após comer?", "options": ["Vômito autoinduzido", "Laxantes", "Exercício excessivo", "Jejum prolongado", "Nenhum"], "required": true},
   {"id": "imagem_corporal", "type": "select", "label": "Como se sente em relação ao seu corpo?", "options": ["Muito satisfeito", "Satisfeito", "Neutro", "Insatisfeito", "Muito insatisfeito"], "required": true}
 ]'),

('e0000007-0000-0000-0000-000000000007',
 'Avaliação de Casal',
 'Formulário para avaliação do relacionamento conjugal',
 '[
   {"id": "tempo_relacionamento", "type": "text", "label": "Há quanto tempo estão juntos?", "required": true},
   {"id": "motivo_busca", "type": "textarea", "label": "O que motivou a busca por terapia de casal?", "required": true},
   {"id": "comunicacao", "type": "select", "label": "Como avalia a comunicação no relacionamento?", "options": ["Excelente", "Boa", "Regular", "Ruim", "Muito ruim"], "required": true},
   {"id": "frequencia_conflitos", "type": "select", "label": "Com que frequência ocorrem conflitos?", "options": ["Raramente", "Mensalmente", "Semanalmente", "Diariamente"], "required": true},
   {"id": "temas_conflito", "type": "checkbox", "label": "Quais são os principais temas de conflito?", "options": ["Finanças", "Filhos", "Família estendida", "Intimidade", "Divisão de tarefas", "Ciúmes", "Projetos de vida"], "required": true},
   {"id": "tentativas_anteriores", "type": "radio", "label": "Já tentaram terapia de casal antes?", "options": ["Sim", "Não"], "required": true}
 ]'),

('e0000008-0000-0000-0000-000000000008',
 'Screening de TDAH Adulto',
 'Questionário de rastreamento para Transtorno de Déficit de Atenção e Hiperatividade em adultos',
 '[
   {"id": "dificuldade_concentracao", "type": "select", "label": "Dificuldade em manter concentração em tarefas longas", "options": ["Nunca", "Raramente", "Às vezes", "Frequentemente", "Muito frequentemente"], "required": true},
   {"id": "esquecimento", "type": "select", "label": "Esquece compromissos ou tarefas do dia a dia", "options": ["Nunca", "Raramente", "Às vezes", "Frequentemente", "Muito frequentemente"], "required": true},
   {"id": "inquietude", "type": "select", "label": "Sente inquietação ou dificuldade em ficar parado", "options": ["Nunca", "Raramente", "Às vezes", "Frequentemente", "Muito frequentemente"], "required": true},
   {"id": "impulsividade", "type": "select", "label": "Age impulsivamente sem pensar nas consequências", "options": ["Nunca", "Raramente", "Às vezes", "Frequentemente", "Muito frequentemente"], "required": true},
   {"id": "organizacao", "type": "select", "label": "Dificuldade em organizar tarefas e atividades", "options": ["Nunca", "Raramente", "Às vezes", "Frequentemente", "Muito frequentemente"], "required": true},
   {"id": "procrastinacao", "type": "select", "label": "Adia tarefas que exigem esforço mental", "options": ["Nunca", "Raramente", "Às vezes", "Frequentemente", "Muito frequentemente"], "required": true},
   {"id": "sintomas_infancia", "type": "radio", "label": "Apresentava esses sintomas na infância?", "options": ["Sim", "Não", "Não sei"], "required": true}
 ]'),

('e0000009-0000-0000-0000-000000000009',
 'Avaliação de Luto',
 'Formulário para avaliação do processo de luto',
 '[
   {"id": "perda", "type": "textarea", "label": "Quem você perdeu e qual era a relação?", "required": true},
   {"id": "tempo_perda", "type": "text", "label": "Há quanto tempo ocorreu a perda?", "required": true},
   {"id": "circunstancia", "type": "select", "label": "A perda foi:", "options": ["Esperada (doença prolongada)", "Súbita (acidente, infarto)", "Violenta (homicídio, suicídio)", "Outra"], "required": true},
   {"id": "sentimentos_atuais", "type": "checkbox", "label": "Quais sentimentos estão mais presentes?", "options": ["Tristeza", "Raiva", "Culpa", "Saudade intensa", "Alívio", "Negação", "Desamparo"], "required": true},
   {"id": "rotina", "type": "select", "label": "Consegue manter sua rotina diária?", "options": ["Sim, normalmente", "Com alguma dificuldade", "Com muita dificuldade", "Não consigo"], "required": true},
   {"id": "rede_apoio", "type": "radio", "label": "Tem rede de apoio (família, amigos)?", "options": ["Sim, forte", "Sim, mas fraca", "Não"], "required": true}
 ]'),

('e0000010-0000-0000-0000-000000000010',
 'Avaliação Pré-Cirúrgica',
 'Formulário de avaliação psicológica pré-cirúrgica',
 '[
   {"id": "tipo_cirurgia", "type": "text", "label": "Qual procedimento cirúrgico será realizado?", "required": true},
   {"id": "motivacao", "type": "textarea", "label": "O que motivou a decisão pela cirurgia?", "required": true},
   {"id": "expectativas", "type": "textarea", "label": "Quais são suas expectativas com a cirurgia?", "required": true},
   {"id": "compreensao_riscos", "type": "radio", "label": "Compreende os riscos envolvidos no procedimento?", "options": ["Sim", "Parcialmente", "Não"], "required": true},
   {"id": "suporte_pos_operatorio", "type": "radio", "label": "Terá suporte familiar no pós-operatório?", "options": ["Sim", "Não"], "required": true},
   {"id": "historico_psiquiatrico", "type": "radio", "label": "Possui histórico de transtorno psiquiátrico?", "options": ["Sim", "Não"], "required": true},
   {"id": "uso_substancias", "type": "checkbox", "label": "Faz uso de alguma substância?", "options": ["Álcool", "Tabaco", "Drogas ilícitas", "Nenhuma"], "required": true}
 ]'),

('e0000011-0000-0000-0000-000000000011',
 'Questionário de Qualidade de Vida',
 'Avaliação da qualidade de vida em diferentes domínios',
 '[
   {"id": "saude_fisica", "type": "select", "label": "Como avalia sua saúde física?", "options": ["Muito boa", "Boa", "Regular", "Ruim", "Muito ruim"], "required": true},
   {"id": "saude_mental", "type": "select", "label": "Como avalia sua saúde mental/emocional?", "options": ["Muito boa", "Boa", "Regular", "Ruim", "Muito ruim"], "required": true},
   {"id": "relacoes_sociais", "type": "select", "label": "Como avalia suas relações sociais?", "options": ["Muito satisfeito", "Satisfeito", "Neutro", "Insatisfeito", "Muito insatisfeito"], "required": true},
   {"id": "ambiente", "type": "select", "label": "Como avalia as condições do seu ambiente (moradia, trabalho)?", "options": ["Muito boas", "Boas", "Regulares", "Ruins", "Muito ruins"], "required": true},
   {"id": "energia", "type": "select", "label": "Você tem energia suficiente para o dia a dia?", "options": ["Sempre", "Quase sempre", "Às vezes", "Raramente", "Nunca"], "required": true},
   {"id": "sentido_vida", "type": "select", "label": "Em que medida sua vida tem sentido?", "options": ["Completamente", "Bastante", "Moderadamente", "Pouco", "Nada"], "required": true}
 ]'),

('e0000012-0000-0000-0000-000000000012',
 'Avaliação de Habilidades Sociais',
 'Inventário para avaliação de competências sociais',
 '[
   {"id": "conversa_desconhecidos", "type": "select", "label": "Facilidade em iniciar conversa com desconhecidos", "options": ["Muito fácil", "Fácil", "Moderado", "Difícil", "Muito difícil"], "required": true},
   {"id": "expressar_opiniao", "type": "select", "label": "Facilidade em expressar opinião em grupo", "options": ["Muito fácil", "Fácil", "Moderado", "Difícil", "Muito difícil"], "required": true},
   {"id": "dizer_nao", "type": "select", "label": "Facilidade em dizer não a pedidos", "options": ["Muito fácil", "Fácil", "Moderado", "Difícil", "Muito difícil"], "required": true},
   {"id": "receber_criticas", "type": "select", "label": "Como lida com críticas?", "options": ["Muito bem", "Bem", "Razoavelmente", "Mal", "Muito mal"], "required": true},
   {"id": "fazer_elogios", "type": "select", "label": "Facilidade em elogiar outras pessoas", "options": ["Muito fácil", "Fácil", "Moderado", "Difícil", "Muito difícil"], "required": true},
   {"id": "resolver_conflitos", "type": "select", "label": "Habilidade em resolver conflitos interpessoais", "options": ["Muito boa", "Boa", "Regular", "Ruim", "Muito ruim"], "required": true}
 ]'),

('e0000013-0000-0000-0000-000000000013',
 'Entrevista de Acolhimento',
 'Formulário de primeiro atendimento e acolhimento do paciente',
 '[
   {"id": "como_chegou", "type": "select", "label": "Como chegou até este serviço?", "options": ["Indicação médica", "Indicação de amigo/familiar", "Plano de saúde", "Busca própria", "Encaminhamento judicial", "Outro"], "required": true},
   {"id": "expectativa_atendimento", "type": "textarea", "label": "O que espera do acompanhamento psicológico?", "required": true},
   {"id": "disponibilidade", "type": "checkbox", "label": "Quais horários tem disponibilidade?", "options": ["Manhã", "Tarde", "Noite", "Sábado"], "required": true},
   {"id": "modalidade", "type": "radio", "label": "Prefere atendimento presencial ou online?", "options": ["Presencial", "Online", "Sem preferência"], "required": true},
   {"id": "urgencia", "type": "select", "label": "Como classificaria a urgência do seu caso?", "options": ["Baixa", "Moderada", "Alta", "Emergencial"], "required": true}
 ]'),

('e0000014-0000-0000-0000-000000000014',
 'Avaliação de Dependência Digital',
 'Questionário para avaliação do uso problemático de tecnologia',
 '[
   {"id": "tempo_tela", "type": "select", "label": "Quantas horas por dia usa telas (fora do trabalho)?", "options": ["Menos de 2h", "2-4 horas", "4-6 horas", "6-8 horas", "Mais de 8 horas"], "required": true},
   {"id": "primeira_acao", "type": "radio", "label": "Checar o celular é a primeira coisa que faz ao acordar?", "options": ["Sim", "Não"], "required": true},
   {"id": "ansiedade_sem_celular", "type": "select", "label": "Sente ansiedade quando está sem o celular?", "options": ["Nunca", "Raramente", "Às vezes", "Frequentemente", "Sempre"], "required": true},
   {"id": "prejuizo_sono", "type": "radio", "label": "O uso de telas prejudica seu sono?", "options": ["Sim", "Não", "Às vezes"], "required": true},
   {"id": "prejuizo_relacoes", "type": "radio", "label": "Pessoas próximas já reclamaram do seu uso de tecnologia?", "options": ["Sim", "Não"], "required": true},
   {"id": "tentou_reduzir", "type": "radio", "label": "Já tentou reduzir o uso e não conseguiu?", "options": ["Sim", "Não", "Nunca tentei"], "required": true}
 ]'),

('e0000015-0000-0000-0000-000000000015',
 'Avaliação de Resiliência',
 'Escala para avaliação de fatores de resiliência psicológica',
 '[
   {"id": "adaptacao_mudancas", "type": "select", "label": "Capacidade de se adaptar a mudanças", "options": ["Muito alta", "Alta", "Moderada", "Baixa", "Muito baixa"], "required": true},
   {"id": "lidar_adversidade", "type": "select", "label": "Capacidade de lidar com adversidades", "options": ["Muito alta", "Alta", "Moderada", "Baixa", "Muito baixa"], "required": true},
   {"id": "otimismo", "type": "select", "label": "Tendência ao otimismo diante de dificuldades", "options": ["Muito alta", "Alta", "Moderada", "Baixa", "Muito baixa"], "required": true},
   {"id": "autoeficacia", "type": "select", "label": "Confiança na própria capacidade de resolver problemas", "options": ["Muito alta", "Alta", "Moderada", "Baixa", "Muito baixa"], "required": true},
   {"id": "suporte_social", "type": "select", "label": "Sente que pode contar com outras pessoas?", "options": ["Sempre", "Quase sempre", "Às vezes", "Raramente", "Nunca"], "required": true},
   {"id": "sentido_experiencias", "type": "select", "label": "Consegue encontrar sentido em experiências difíceis?", "options": ["Sempre", "Quase sempre", "Às vezes", "Raramente", "Nunca"], "required": true},
   {"id": "humor", "type": "radio", "label": "Consegue usar o humor em situações estressantes?", "options": ["Sim", "Às vezes", "Não"], "required": true}
 ]');
